Timestamp,Time,Latitude,Longitude,Altitude,Horizontal_Accuracy,Vertical_Accuracy
1764073545153291630,2025-11-25 17:55:45.150,23.535420167,87.300905000,85.50,0.009,0.050
1764073546153003000,2025-11-25 17:55:46.151,23.535420167,87.300904833,85.40,0.009,0.050
1764073547153418074,2025-11-25 17:55:47.151,23.535420167,87.300904667,85.40,0.009,0.050
1764073548162198740,2025-11-25 17:55:48.155,23.535420167,87.300904667,85.40,0.009,0.050
1764073549152783369,2025-11-25 17:55:49.151,23.535420167,87.300904500,85.30,0.009,0.050
1764073550152789220,2025-11-25 17:55:50.151,23.535420167,87.300904333,85.30,0.009,0.050
1764073551153033293,2025-11-25 17:55:51.151,23.535420167,87.300903833,85.40,0.009,0.050
1764073552173797237,2025-11-25 17:55:52.172,23.535420167,87.300903667,85.40,0.009,0.050
1764073553152815848,2025-11-25 17:55:53.151,23.535420167,87.300903333,85.40,0.009,0.050
1764073554152471977,2025-11-25 17:55:54.151,23.535420333,87.300903167,85.40,0.009,0.050
1764073555153194161,2025-11-25 17:55:55.151,23.535420333,87.300902833,85.50,0.009,0.050
1764073556175342013,2025-11-25 17:55:56.173,23.535420667,87.300902667,85.50,0.009,0.050
1764073557151998216,2025-11-25 17:55:57.150,23.535420667,87.300903000,85.40,0.009,0.050
1764073558153720160,2025-11-25 17:55:58.150,23.535420833,87.300902833,85.40,0.009,0.050
1764073559152715455,2025-11-25 17:55:59.151,23.535420833,87.300902667,85.40,0.009,0.050
1764073560153357529,2025-11-25 17:56:00.152,23.535420833,87.300902500,85.50,0.009,0.050
1764073561152707158,2025-11-25 17:56:01.151,23.535421000,87.300902167,85.50,0.009,0.050
1764073562152398972,2025-11-25 17:56:02.151,23.535421167,87.300902167,85.50,0.009,0.050
1764073563152881231,2025-11-25 17:56:03.151,23.535421333,87.300902000,85.50,0.009,0.050
1764073564152421138,2025-11-25 17:56:04.151,23.535421333,87.300901833,85.50,0.009,0.050
1764073565153330878,2025-11-25 17:56:05.152,23.535421500,87.300901667,85.50,0.009,0.050
1764073566152834210,2025-11-25 17:56:06.151,23.535421667,87.300901500,85.50,0.009,0.050
1764073567153075821,2025-11-25 17:56:07.151,23.535421667,87.300901500,85.50,0.009,0.050
1764073568152729265,2025-11-25 17:56:08.151,23.535421667,87.300901333,85.60,0.009,0.050
1764073569152438894,2025-11-25 17:56:09.151,23.535421667,87.300901333,85.60,0.009,0.050
1764073570153241097,2025-11-25 17:56:10.151,23.535421833,87.300901500,85.60,0.009,0.050
1764073571152324059,2025-11-25 17:56:11.150,23.535422000,87.300901500,85.60,0.009,0.050
1764073572152905540,2025-11-25 17:56:12.151,23.535422000,87.300901500,85.60,0.009,0.050
1764073573153359762,2025-11-25 17:56:13.151,23.535422167,87.300901500,85.60,0.009,0.050
1764073574174059224,2025-11-25 17:56:14.172,23.535422333,87.300901500,85.60,0.009,0.050
1764073575152756057,2025-11-25 17:56:15.151,23.535422500,87.300901667,85.60,0.009,0.050
1764073576152888334,2025-11-25 17:56:16.151,23.535422833,87.300901833,85.60,0.009,0.050
1764073577152770722,2025-11-25 17:56:17.151,23.535423000,87.300901833,85.60,0.009,0.050
1764073578153589592,2025-11-25 17:56:18.152,23.535423167,87.300901833,85.60,0.009,0.050
1764073579155486906,2025-11-25 17:56:19.153,23.535423333,87.300902000,85.60,0.009,0.050
1764073580153645628,2025-11-25 17:56:20.152,23.535423500,87.300902000,85.60,0.009,0.050
1764073581152583405,2025-11-25 17:56:21.151,23.535423667,87.300902000,85.70,0.009,0.050
1764073582174278997,2025-11-25 17:56:22.172,23.535423833,87.300902167,85.70,0.009,0.050
1764073583152850071,2025-11-25 17:56:23.151,23.535424167,87.300902333,85.70,0.009,0.050
1764073584152678274,2025-11-25 17:56:24.151,23.535424333,87.300902333,85.70,0.009,0.050
1764073585153777162,2025-11-25 17:56:25.152,23.535424500,87.300902500,85.70,0.009,0.050
1764073586152881773,2025-11-25 17:56:26.151,23.535424667,87.300902667,85.70,0.009,0.050
1764073587153159790,2025-11-25 17:56:27.151,23.535424833,87.300902833,85.70,0.009,0.050
1764073588175237512,2025-11-25 17:56:28.171,23.535424833,87.300903000,85.70,0.009,0.050
1764073589152910623,2025-11-25 17:56:29.151,23.535425000,87.300903000,85.70,0.009,0.050
1764073590153249215,2025-11-25 17:56:30.152,23.535424833,87.300903333,85.70,0.009,0.050
1764073591152093862,2025-11-25 17:56:31.150,23.535424000,87.300903333,85.80,0.009,0.050
1764073592174390621,2025-11-25 17:56:32.172,23.535423333,87.300903667,85.90,0.009,0.050
1764073593154304213,2025-11-25 17:56:33.152,23.535422500,87.300904167,85.90,0.009,0.050
1764073594153651268,2025-11-25 17:56:34.152,23.535421833,87.300904333,85.90,0.009,0.050
1764073595154248434,2025-11-25 17:56:35.152,23.535420833,87.300904500,85.90,0.009,0.050
1764073596153333785,2025-11-25 17:56:36.152,23.535420167,87.300905333,85.90,0.009,0.050
1764073597152757229,2025-11-25 17:56:37.151,23.535419500,87.300905500,85.80,0.008,0.050
1764073598174167247,2025-11-25 17:56:38.172,23.535419000,87.300905667,85.80,0.008,0.050
1764073599153130765,2025-11-25 17:56:39.151,23.535418500,87.300905833,85.80,0.008,0.050
1764073600153224746,2025-11-25 17:56:40.151,23.535418333,87.300905833,85.70,0.009,0.050
1764073601153347023,2025-11-25 17:56:41.152,23.535418500,87.300906667,85.60,0.009,0.050
1764073602175381115,2025-11-25 17:56:42.173,23.535418500,87.300907667,85.50,0.008,0.050
1764073603176252762,2025-11-25 17:56:43.172,23.535418667,87.300908500,85.40,0.008,0.050
1764073604152860688,2025-11-25 17:56:44.151,23.535418833,87.300909167,85.30,0.008,0.050
1764073605153124372,2025-11-25 17:56:45.151,23.535419333,87.300909500,85.30,0.008,0.050
1764073606173738909,2025-11-25 17:56:46.172,23.535419500,87.300910000,85.30,0.009,0.050
1764073607154324556,2025-11-25 17:56:47.152,23.535419333,87.300910667,85.40,0.009,0.050
1764073608174524796,2025-11-25 17:56:48.172,23.535419167,87.300910833,85.50,0.009,0.050
1764073609173656018,2025-11-25 17:56:49.171,23.535419667,87.300911000,85.50,0.009,0.050
1764073610174614332,2025-11-25 17:56:50.172,23.535420500,87.300911000,85.60,0.009,0.050
1764073611153378202,2025-11-25 17:56:51.151,23.535421000,87.300911000,85.60,0.009,0.050
1764073612152793942,2025-11-25 17:56:52.151,23.535421167,87.300911000,85.70,0.008,0.050
1764073613152255979,2025-11-25 17:56:53.150,23.535421333,87.300910833,85.70,0.009,0.050
1764073614152978552,2025-11-25 17:56:54.151,23.535421667,87.300911000,85.70,0.009,0.050
1764073615152965181,2025-11-25 17:56:55.151,23.535421667,87.300911000,85.70,0.009,0.050
1764073616178693458,2025-11-25 17:56:56.174,23.535422000,87.300910333,85.80,0.009,0.050
1764073617152821606,2025-11-25 17:56:57.151,23.535422167,87.300910000,85.90,0.009,0.050
1764073618153297050,2025-11-25 17:56:58.151,23.535421667,87.300909333,86.10,0.009,0.050
1764073619153872660,2025-11-25 17:56:59.152,23.535421667,87.300909000,86.10,0.009,0.050
1764073620154055549,2025-11-25 17:57:00.152,23.535421333,87.300908500,86.00,0.008,0.050
1764073621153345807,2025-11-25 17:57:01.152,23.535420667,87.300908333,86.00,0.008,0.050
1764073622153042251,2025-11-25 17:57:02.151,23.535420500,87.300907833,86.00,0.009,0.050
1764073623153011176,2025-11-25 17:57:03.151,23.535420833,87.300907167,86.00,0.008,0.050
1764073624174571250,2025-11-25 17:57:04.172,23.535421333,87.300906333,86.10,0.008,0.050
1764073625173825231,2025-11-25 17:57:05.172,23.535421333,87.300906333,86.10,0.008,0.050
1764073626174105526,2025-11-25 17:57:06.172,23.535421500,87.300906333,86.00,0.008,0.050
1764073627152363044,2025-11-25 17:57:07.151,23.535421500,87.300906167,86.00,0.008,0.050
1764073628175660433,2025-11-25 17:57:08.173,23.535421333,87.300906000,85.90,0.008,0.050
1764073629153234951,2025-11-25 17:57:09.151,23.535421333,87.300905667,85.90,0.008,0.050
1764073630174138839,2025-11-25 17:57:10.172,23.535421333,87.300905333,85.80,0.008,0.050
1764073631153073227,2025-11-25 17:57:11.151,23.535421333,87.300904667,85.80,0.008,0.050
1764073632174113412,2025-11-25 17:57:12.172,23.535421333,87.300904333,85.80,0.008,0.050
1764073633153631504,2025-11-25 17:57:13.152,23.535421667,87.300901167,85.80,0.008,0.050
1764073634174392540,2025-11-25 17:57:14.172,23.535423000,87.300893333,85.70,0.008,0.050
1764073635153285854,2025-11-25 17:57:15.151,23.535424500,87.300884167,85.70,0.008,0.050
1764073636173473187,2025-11-25 17:57:16.171,23.535425333,87.300875000,85.70,0.008,0.050
1764073637153444501,2025-11-25 17:57:17.151,23.535425333,87.300865833,85.70,0.009,0.050
1764073638172751686,2025-11-25 17:57:18.171,23.535424667,87.300856500,85.70,0.009,0.050
1764073639152811926,2025-11-25 17:57:19.151,23.535423500,87.300846833,85.70,0.009,0.050
1764073640153047148,2025-11-25 17:57:20.151,23.535422333,87.300837500,85.60,0.009,0.050
1764073641152593073,2025-11-25 17:57:21.151,23.535420833,87.300828000,85.50,0.008,0.050
1764073642172997628,2025-11-25 17:57:22.171,23.535419333,87.300818500,85.40,0.008,0.050
1764073643154517646,2025-11-25 17:57:23.152,23.535418000,87.300808833,85.40,0.009,0.050
1764073644174907275,2025-11-25 17:57:24.172,23.535417000,87.300799500,85.30,0.009,0.050
1764073645174580441,2025-11-25 17:57:25.172,23.535416333,87.300790000,85.30,0.009,0.050
1764073646175639866,2025-11-25 17:57:26.173,23.535416000,87.300780167,85.20,0.009,0.050
1764073647152953218,2025-11-25 17:57:27.151,23.535415500,87.300770167,85.20,0.009,0.050
1764073648153529291,2025-11-25 17:57:28.151,23.535415167,87.300760333,85.10,0.009,0.050
1764073649152842865,2025-11-25 17:57:29.151,23.535414667,87.300750333,85.10,0.009,0.050
1764073650154171494,2025-11-25 17:57:30.152,23.535414167,87.300740333,85.10,0.009,0.050
1764073651152810382,2025-11-25 17:57:31.151,23.535413333,87.300730167,85.00,0.009,0.050
1764073652175830511,2025-11-25 17:57:32.172,23.535412500,87.300720333,84.90,0.009,0.050
1764073653152873955,2025-11-25 17:57:33.151,23.535411667,87.300710500,84.90,0.009,0.050
1764073654174281917,2025-11-25 17:57:34.172,23.535411167,87.300700833,84.90,0.009,0.050
1764073655152852324,2025-11-25 17:57:35.151,23.535410667,87.300691167,84.80,0.009,0.050
1764073656152849009,2025-11-25 17:57:36.151,23.535410167,87.300681500,84.80,0.009,0.050
1764073657153002804,2025-11-25 17:57:37.151,23.535409500,87.300671833,84.80,0.009,0.050
1764073658154809137,2025-11-25 17:57:38.153,23.535408833,87.300661833,84.70,0.009,0.050
1764073659152921155,2025-11-25 17:57:39.151,23.535408000,87.300651833,84.70,0.009,0.050
1764073660173802173,2025-11-25 17:57:40.171,23.535406833,87.300641667,84.60,0.009,0.050
1764073661154000876,2025-11-25 17:57:41.152,23.535405500,87.300631333,84.60,0.009,0.050
1764073662175265264,2025-11-25 17:57:42.173,23.535403833,87.300621167,84.50,0.009,0.050
1764073663153394949,2025-11-25 17:57:43.151,23.535402167,87.300610833,84.50,0.009,0.050
1764073664176311615,2025-11-25 17:57:44.173,23.535400667,87.300600667,84.50,0.009,0.050
1764073665154698948,2025-11-25 17:57:45.152,23.535399333,87.300590500,84.50,0.009,0.050
1764073666174096484,2025-11-25 17:57:46.171,23.535398000,87.300580500,84.40,0.009,0.050
1764073667152839484,2025-11-25 17:57:47.151,23.535397000,87.300570500,84.40,0.009,0.050
1764073668174895853,2025-11-25 17:57:48.172,23.535396167,87.300560333,84.30,0.009,0.050
1764073669153410130,2025-11-25 17:57:49.152,23.535395500,87.300550333,84.30,0.009,0.050
1764073670174824537,2025-11-25 17:57:50.172,23.535394833,87.300540167,84.30,0.009,0.050
1764073671153408463,2025-11-25 17:57:51.151,23.535394000,87.300529833,84.30,0.009,0.050
1764073672174478277,2025-11-25 17:57:52.172,23.535393000,87.300519500,84.20,0.009,0.050
1764073673153647980,2025-11-25 17:57:53.151,23.535391833,87.300509167,84.20,0.009,0.050
1764073674174778498,2025-11-25 17:57:54.172,23.535390667,87.300498667,84.20,0.009,0.050
1764073675152718701,2025-11-25 17:57:55.151,23.535389167,87.300488167,84.20,0.009,0.050
1764073676154325404,2025-11-25 17:57:56.152,23.535387833,87.300477833,84.20,0.009,0.050
1764073677174903607,2025-11-25 17:57:57.173,23.535386333,87.300467333,84.10,0.009,0.050
1764073678174105403,2025-11-25 17:57:58.171,23.535385333,87.300457000,84.10,0.009,0.050
1764073679155429810,2025-11-25 17:57:59.153,23.535384500,87.300446667,84.10,0.009,0.050
1764073680174891920,2025-11-25 17:58:00.172,23.535384000,87.300436167,84.10,0.009,0.050
1764073681153450512,2025-11-25 17:58:01.152,23.535384000,87.300425833,84.10,0.009,0.050
1764073682174743604,2025-11-25 17:58:02.172,23.535384333,87.300415500,84.10,0.009,0.050
1764073683154028900,2025-11-25 17:58:03.152,23.535384500,87.300405333,84.10,0.009,0.050
1764073684175211436,2025-11-25 17:58:04.173,23.535384667,87.300395000,84.10,0.009,0.050
1764073685154411751,2025-11-25 17:58:05.153,23.535384500,87.300384667,84.10,0.009,0.050
1764073686175017768,2025-11-25 17:58:06.173,23.535384167,87.300374167,84.10,0.009,0.050
1764073687175215564,2025-11-25 17:58:07.173,23.535383500,87.300363667,84.00,0.009,0.050
1764073688175484230,2025-11-25 17:58:08.173,23.535382500,87.300353333,84.00,0.009,0.050
1764073689153310933,2025-11-25 17:58:09.151,23.535381500,87.300342833,84.00,0.009,0.050
1764073690173811599,2025-11-25 17:58:10.171,23.535380667,87.300332333,84.00,0.009,0.050
1764073691154018451,2025-11-25 17:58:11.151,23.535379667,87.300321833,84.00,0.009,0.050
1764073692173974561,2025-11-25 17:58:12.172,23.535378833,87.300311333,84.00,0.009,0.050
1764073693153522468,2025-11-25 17:58:13.151,23.535377833,87.300300667,84.10,0.009,0.050
1764073694154680004,2025-11-25 17:58:14.153,23.535377000,87.300290167,84.10,0.009,0.050
1764073695154241522,2025-11-25 17:58:15.152,23.535376167,87.300279667,84.10,0.009,0.050
1764073696174240337,2025-11-25 17:58:16.172,23.535375333,87.300269000,84.10,0.009,0.050
1764073697153675651,2025-11-25 17:58:17.151,23.535374500,87.300258500,84.20,0.009,0.050
1764073698174645632,2025-11-25 17:58:18.172,23.535373333,87.300247833,84.20,0.009,0.050
1764073699152787594,2025-11-25 17:58:19.151,23.535372333,87.300237167,84.20,0.009,0.050
1764073700175008501,2025-11-25 17:58:20.173,23.535371500,87.300226667,84.30,0.009,0.050
1764073701153098223,2025-11-25 17:58:21.151,23.535370333,87.300216167,84.30,0.009,0.050
1764073702174345074,2025-11-25 17:58:22.172,23.535369333,87.300205833,84.30,0.009,0.050
1764073703154924295,2025-11-25 17:58:23.153,23.535368333,87.300195500,84.30,0.009,0.050
1764073704175206665,2025-11-25 17:58:24.173,23.535367667,87.300185000,84.30,0.009,0.050
1764073705153979757,2025-11-25 17:58:25.152,23.535367167,87.300174667,84.30,0.009,0.050
1764073706174251831,2025-11-25 17:58:26.172,23.535366667,87.300164333,84.30,0.009,0.050
1764073707153812349,2025-11-25 17:58:27.152,23.535366333,87.300153833,84.30,0.009,0.050
1764073708173612404,2025-11-25 17:58:28.171,23.535365833,87.300143500,84.30,0.009,0.050
1764073709153452514,2025-11-25 17:58:29.151,23.535365167,87.300133000,84.30,0.009,0.050
1764073710176922606,2025-11-25 17:58:30.173,23.535364333,87.300122333,84.30,0.009,0.050
1764073711154174235,2025-11-25 17:58:31.152,23.535363500,87.300111833,84.30,0.009,0.050
1764073712155448753,2025-11-25 17:58:32.152,23.535362667,87.300101500,84.30,0.009,0.050
1764073713154717493,2025-11-25 17:58:33.152,23.535362000,87.300091333,84.30,0.009,0.050
1764073714176004067,2025-11-25 17:58:34.174,23.535361333,87.300081000,84.30,0.009,0.050
1764073715153586029,2025-11-25 17:58:35.151,23.535360833,87.300070833,84.30,0.009,0.050
1764073716174831677,2025-11-25 17:58:36.173,23.535360167,87.300060500,84.30,0.009,0.050
1764073717153565639,2025-11-25 17:58:37.151,23.535359500,87.300050167,84.30,0.009,0.050
1764073718175125842,2025-11-25 17:58:38.173,23.535358833,87.300039667,84.30,0.009,0.050
1764073719174013730,2025-11-25 17:58:39.172,23.535358167,87.300029167,84.30,0.009,0.050
1764073720153421063,2025-11-25 17:58:40.151,23.535357500,87.300018667,84.30,0.009,0.050
1764073721154178137,2025-11-25 17:58:41.152,23.535356667,87.300008000,84.30,0.009,0.050
1764073722174239191,2025-11-25 17:58:42.172,23.535356000,87.299997500,84.30,0.009,0.050
1764073723153454821,2025-11-25 17:58:43.151,23.535355000,87.299986833,84.30,0.009,0.050
1764073724173432598,2025-11-25 17:58:44.171,23.535354167,87.299976500,84.30,0.009,0.050
1764073725155202912,2025-11-25 17:58:45.152,23.535353333,87.299966167,84.30,0.009,0.050
1764073726174167485,2025-11-25 17:58:46.172,23.535352667,87.299955833,84.30,0.009,0.050
1764073727154319096,2025-11-25 17:58:47.152,23.535352167,87.299945667,84.30,0.009,0.050
1764073728174943169,2025-11-25 17:58:48.173,23.535351833,87.299935333,84.30,0.009,0.050
1764073729174430687,2025-11-25 17:58:49.172,23.535351667,87.299924833,84.30,0.009,0.050
1764073730155034576,2025-11-25 17:58:50.152,23.535351500,87.299914333,84.30,0.009,0.050
1764073731153506038,2025-11-25 17:58:51.151,23.535351000,87.299903833,84.30,0.009,0.050
1764073732179020926,2025-11-25 17:58:52.172,23.535350500,87.299893167,84.30,0.009,0.050
1764073733153641481,2025-11-25 17:58:53.152,23.535349833,87.299882500,84.30,0.009,0.050
1764073734173557203,2025-11-25 17:58:54.171,23.535349000,87.299871667,84.30,0.009,0.050
1764073735154373202,2025-11-25 17:58:55.152,23.535348000,87.299861000,84.30,0.009,0.050
1764073736174477331,2025-11-25 17:58:56.172,23.535347167,87.299850167,84.20,0.009,0.050
1764073737153940812,2025-11-25 17:58:57.152,23.535346500,87.299839500,84.20,0.009,0.050
1764073738174925145,2025-11-25 17:58:58.172,23.535346000,87.299829000,84.20,0.009,0.050
1764073739153076626,2025-11-25 17:58:59.151,23.535345333,87.299818500,84.20,0.009,0.050
1764073740175478773,2025-11-25 17:59:00.173,23.535344833,87.299808000,84.20,0.009,0.050
1764073741155948717,2025-11-25 17:59:01.154,23.535344333,87.299797500,84.20,0.009,0.050
1764073742174208087,2025-11-25 17:59:02.172,23.535343833,87.299787000,84.20,0.009,0.050
1764073743152388605,2025-11-25 17:59:03.150,23.535343500,87.299776500,84.20,0.009,0.050
1764073744176298493,2025-11-25 17:59:04.174,23.535343000,87.299766167,84.20,0.009,0.050
1764073745155556622,2025-11-25 17:59:05.153,23.535342333,87.299755667,84.20,0.009,0.050
1764073746173978103,2025-11-25 17:59:06.171,23.535341667,87.299745000,84.20,0.009,0.050
1764073747154125528,2025-11-25 17:59:07.152,23.535340833,87.299734500,84.20,0.009,0.050
1764073748154700509,2025-11-25 17:59:08.152,23.535340000,87.299724167,84.20,0.009,0.050
1764073749154940786,2025-11-25 17:59:09.152,23.535339167,87.299713833,84.20,0.009,0.050
1764073750175320990,2025-11-25 17:59:10.173,23.535338667,87.299703333,84.20,0.009,0.050
1764073751153253026,2025-11-25 17:59:11.151,23.535338167,87.299693000,84.20,0.009,0.050
1764073752175264433,2025-11-25 17:59:12.172,23.535337667,87.299682667,84.20,0.009,0.050
1764073753174190747,2025-11-25 17:59:13.172,23.535337333,87.299672333,84.20,0.009,0.050
1764073754175811524,2025-11-25 17:59:14.173,23.535337167,87.299662167,84.20,0.009,0.050
1764073755153313413,2025-11-25 17:59:15.151,23.535337000,87.299652000,84.20,0.009,0.050
1764073756172790319,2025-11-25 17:59:16.171,23.535336500,87.299641500,84.30,0.009,0.050
1764073757152974337,2025-11-25 17:59:17.151,23.535335667,87.299631000,84.20,0.009,0.050
1764073758173817207,2025-11-25 17:59:18.171,23.535334667,87.299620167,84.20,0.009,0.050
1764073759154888281,2025-11-25 17:59:19.153,23.535333667,87.299609500,84.20,0.009,0.050
1764073760174126595,2025-11-25 17:59:20.172,23.535332500,87.299598667,84.30,0.009,0.050
1764073761153171613,2025-11-25 17:59:21.152,23.535331167,87.299588000,84.30,0.009,0.050
1764073762174722075,2025-11-25 17:59:22.173,23.535330000,87.299577500,84.30,0.009,0.050
1764073763152562000,2025-11-25 17:59:23.151,23.535328833,87.299567000,84.30,0.009,0.050
1764073764175180278,2025-11-25 17:59:24.173,23.535328167,87.299556667,84.30,0.009,0.050
1764073765154238407,2025-11-25 17:59:25.152,23.535327333,87.299546333,84.30,0.009,0.050
1764073766154808517,2025-11-25 17:59:26.153,23.535326833,87.299536167,84.30,0.009,0.050
1764073767153998017,2025-11-25 17:59:27.152,23.535326333,87.299525833,84.40,0.009,0.050
1764073768174161849,2025-11-25 17:59:28.173,23.535326000,87.299515333,84.40,0.009,0.050
1764073769154241589,2025-11-25 17:59:29.152,23.535325333,87.299504833,84.40,0.009,0.050
1764073770175061718,2025-11-25 17:59:30.174,23.535324667,87.299494167,84.40,0.009,0.050
1764073771173432755,2025-11-25 17:59:31.172,23.535323833,87.299483500,84.50,0.009,0.050
1764073772174267791,2025-11-25 17:59:32.173,23.535323000,87.299472833,84.50,0.009,0.050
1764073773153890106,2025-11-25 17:59:33.152,23.535322333,87.299462167,84.50,0.009,0.050
1764073774175001938,2025-11-25 17:59:34.173,23.535321333,87.299451667,84.50,0.009,0.050
1764073775154077345,2025-11-25 17:59:35.152,23.535320500,87.299441167,84.50,0.009,0.050
1764073776174976585,2025-11-25 17:59:36.173,23.535319667,87.299430667,84.50,0.009,0.050
1764073777174833918,2025-11-25 17:59:37.173,23.535318833,87.299420333,84.50,0.009,0.050
1764073778174964232,2025-11-25 17:59:38.173,23.535318333,87.299409833,84.60,0.009,0.050
1764073779153365083,2025-11-25 17:59:39.152,23.535317667,87.299399333,84.60,0.009,0.050
1764073780174992916,2025-11-25 17:59:40.173,23.535317167,87.299388833,84.60,0.009,0.050
1764073781154507193,2025-11-25 17:59:41.152,23.535316500,87.299378167,84.60,0.009,0.050
1764073782173387730,2025-11-25 17:59:42.172,23.535315833,87.299368667,84.60,0.009,0.050
1764073783174234729,2025-11-25 17:59:43.173,23.535315667,87.299364667,84.60,0.009,0.050
1764073784174390414,2025-11-25 17:59:44.173,23.535315833,87.299363000,84.50,0.009,0.050
1764073785175231672,2025-11-25 17:59:45.173,23.535316167,87.299361833,84.50,0.009,0.050
1764073786172824913,2025-11-25 17:59:46.171,23.535316667,87.299360667,84.50,0.009,0.050
1764073787152510986,2025-11-25 17:59:47.151,23.535317167,87.299359500,84.50,0.009,0.050
1764073788175168115,2025-11-25 17:59:48.174,23.535317667,87.299358167,84.60,0.009,0.050
1764073789152660244,2025-11-25 17:59:49.151,23.535318000,87.299356333,84.60,0.009,0.050
1764073790174243206,2025-11-25 17:59:50.172,23.535318167,87.299354667,84.60,0.009,0.050
1764073791155108873,2025-11-25 17:59:51.152,23.535318333,87.299353667,84.60,0.009,0.050
1764073792174724631,2025-11-25 17:59:52.173,23.535317833,87.299358667,84.60,0.009,0.050
1764073793153634797,2025-11-25 17:59:53.152,23.535317500,87.299367333,84.60,0.009,0.050
1764073794174280760,2025-11-25 17:59:54.173,23.535317500,87.299376667,84.60,0.009,0.050
1764073795152475148,2025-11-25 17:59:55.151,23.535318333,87.299386333,84.60,0.009,0.050
1764073796173403907,2025-11-25 17:59:56.172,23.535319667,87.299396167,84.60,0.009,0.050
1764073797154139925,2025-11-25 17:59:57.152,23.535321500,87.299406000,84.60,0.009,0.050
1764073798174348942,2025-11-25 17:59:58.173,23.535323500,87.299415833,84.50,0.009,0.050
1764073799154192905,2025-11-25 17:59:59.153,23.535325667,87.299426000,84.50,0.009,0.050
1764073800174230960,2025-11-25 18:00:00.173,23.535327833,87.299436000,84.50,0.009,0.050
1764073801153768126,2025-11-25 18:00:01.152,23.535329333,87.299446167,84.60,0.009,0.050
1764073802152949718,2025-11-25 18:00:02.151,23.535330833,87.299456333,84.60,0.009,0.050
1764073803173298051,2025-11-25 18:00:03.172,23.535332000,87.299466333,84.60,0.009,0.050
1764073804173476291,2025-11-25 18:00:04.172,23.535333000,87.299476500,84.60,0.009,0.050
1764073805154190272,2025-11-25 18:00:05.152,23.535333833,87.299486667,84.70,0.009,0.050
1764073806174828215,2025-11-25 18:00:06.173,23.535334833,87.299496833,84.70,0.009,0.050
1764073807154210733,2025-11-25 18:00:07.153,23.535335667,87.299507167,84.70,0.009,0.050
1764073808175195862,2025-11-25 18:00:08.173,23.535336667,87.299517333,84.70,0.009,0.050
1764073809154170566,2025-11-25 18:00:09.152,23.535338000,87.299527500,84.70,0.009,0.050
1764073810174380028,2025-11-25 18:00:10.173,23.535339333,87.299537833,84.70,0.009,0.050
1764073811153316824,2025-11-25 18:00:11.152,23.535340667,87.299548000,84.70,0.009,0.050
1764073812174704842,2025-11-25 18:00:12.173,23.535342000,87.299558333,84.70,0.009,0.050
1764073813174966100,2025-11-25 18:00:13.173,23.535343333,87.299568500,84.80,0.009,0.050
1764073814174086581,2025-11-25 18:00:14.172,23.535344500,87.299578833,84.80,0.009,0.050
1764073815174371395,2025-11-25 18:00:15.173,23.535345667,87.299589000,84.80,0.009,0.050
1764073816174641710,2025-11-25 18:00:16.173,23.535346667,87.299599333,84.80,0.009,0.050
1764073817174041635,2025-11-25 18:00:17.173,23.535347833,87.299609500,84.80,0.009,0.050
1764073818172912653,2025-11-25 18:00:18.171,23.535348833,87.299619500,84.80,0.009,0.050
1764073819154175560,2025-11-25 18:00:19.152,23.535349833,87.299629833,84.70,0.009,0.050
1764073820176014948,2025-11-25 18:00:20.174,23.535350833,87.299640167,84.70,0.009,0.050
1764073821154318299,2025-11-25 18:00:21.152,23.535351667,87.299650500,84.70,0.009,0.050
1764073822175060706,2025-11-25 18:00:22.173,23.535352667,87.299661000,84.70,0.009,0.050
1764073823176488502,2025-11-25 18:00:23.175,23.535353667,87.299671333,84.70,0.009,0.050
1764073824174955020,2025-11-25 18:00:24.173,23.535354667,87.299681667,84.70,0.009,0.050
1764073825175010260,2025-11-25 18:00:25.173,23.535355667,87.299692333,84.70,0.009,0.050
1764073826175344778,2025-11-25 18:00:26.172,23.535356667,87.299702833,84.70,0.009,0.050
1764073827155370796,2025-11-25 18:00:27.154,23.535357667,87.299713333,84.70,0.009,0.050
1764073828172627739,2025-11-25 18:00:28.171,23.535358500,87.299723833,84.70,0.009,0.050
1764073829153596405,2025-11-25 18:00:29.152,23.535359500,87.299734500,84.70,0.009,0.050
1764073830174524164,2025-11-25 18:00:30.173,23.535360167,87.299745167,84.70,0.009,0.050
1764073831175028441,2025-11-25 18:00:31.173,23.535361000,87.299756000,84.70,0.009,0.050
1764073832174146737,2025-11-25 18:00:32.172,23.535361667,87.299766500,84.70,0.009,0.050
1764073833154165551,2025-11-25 18:00:33.153,23.535362500,87.299777167,84.70,0.009,0.050
1764073834175136291,2025-11-25 18:00:34.173,23.535363667,87.299787500,84.70,0.009,0.050
1764073835150970957,2025-11-25 18:00:35.150,23.535364833,87.299798000,84.70,0.009,0.050
1764073836178257401,2025-11-25 18:00:36.175,23.535366000,87.299808333,84.70,0.009,0.050
1764073837179907197,2025-11-25 18:00:37.175,23.535367333,87.299818833,84.80,0.009,0.050
1764073838174228548,2025-11-25 18:00:38.172,23.535368333,87.299829500,84.80,0.009,0.050
1764073839170934196,2025-11-25 18:00:39.170,23.535369333,87.299840167,84.80,0.009,0.050
1764073840174995066,2025-11-25 18:00:40.173,23.535370167,87.299851000,84.80,0.009,0.050
1764073841175173454,2025-11-25 18:00:41.173,23.535371000,87.299861833,84.80,0.009,0.050
1764073842174264620,2025-11-25 18:00:42.172,23.535371667,87.299872500,84.80,0.009,0.050
1764073843174121805,2025-11-25 18:00:43.172,23.535372500,87.299883500,84.80,0.009,0.050
1764073844173437026,2025-11-25 18:00:44.172,23.535373167,87.299894167,84.80,0.009,0.050
1764073845175019081,2025-11-25 18:00:45.173,23.535374000,87.299904833,84.80,0.009,0.050
1764073846174449618,2025-11-25 18:00:46.173,23.535375167,87.299915167,84.80,0.009,0.050
1764073847154259617,2025-11-25 18:00:47.152,23.535376333,87.299925667,84.90,0.009,0.050
1764073848175038635,2025-11-25 18:00:48.173,23.535377500,87.299936167,84.90,0.009,0.050
1764073849173311560,2025-11-25 18:00:49.172,23.535378833,87.299946667,84.90,0.009,0.050
1764073850175059930,2025-11-25 18:00:50.173,23.535380000,87.299957333,84.90,0.009,0.050
1764073851154248300,2025-11-25 18:00:51.152,23.535381000,87.299968000,84.90,0.009,0.050
1764073852174245836,2025-11-25 18:00:52.173,23.535382000,87.299978833,84.90,0.009,0.050
1764073853152722095,2025-11-25 18:00:53.151,23.535382833,87.299989667,84.90,0.009,0.050
1764073854172865224,2025-11-25 18:00:54.171,23.535383667,87.300000667,84.90,0.009,0.050
1764073855175035723,2025-11-25 18:00:55.174,23.535384333,87.300011500,84.90,0.009,0.050
1764073856174535056,2025-11-25 18:00:56.173,23.535385167,87.300022333,84.90,0.009,0.050
1764073857172856741,2025-11-25 18:00:57.171,23.535386167,87.300033167,84.90,0.009,0.050
1764073858174190888,2025-11-25 18:00:58.172,23.535387167,87.300043833,84.90,0.009,0.050
1764073859154220999,2025-11-25 18:00:59.152,23.535388333,87.300054500,84.90,0.009,0.050
1764073860175080924,2025-11-25 18:01:00.173,23.535389333,87.300065333,84.90,0.009,0.050
1764073861176740331,2025-11-25 18:01:01.174,23.535390333,87.300076167,84.90,0.009,0.050
1764073862173356145,2025-11-25 18:01:02.172,23.535391500,87.300087000,84.90,0.009,0.050
1764073863174279348,2025-11-25 18:01:03.172,23.535392667,87.300097833,84.90,0.009,0.050
1764073864177567533,2025-11-25 18:01:04.176,23.535393667,87.300108833,84.90,0.009,0.050
1764073865152440143,2025-11-25 18:01:05.150,23.535394667,87.300119833,84.90,0.009,0.050
1764073866174237198,2025-11-25 18:01:06.172,23.535395500,87.300131000,84.90,0.009,0.050
1764073867172780031,2025-11-25 18:01:07.171,23.535396333,87.300142000,84.90,0.009,0.050
1764073868172261456,2025-11-25 18:01:08.171,23.535397167,87.300152833,84.90,0.009,0.050
1764073869174953845,2025-11-25 18:01:09.173,23.535398000,87.300163667,84.90,0.009,0.050
1764073870178308214,2025-11-25 18:01:10.173,23.535398833,87.300174500,84.90,0.009,0.050
1764073871153075473,2025-11-25 18:01:11.150,23.535399667,87.300185167,84.90,0.009,0.050
1764073872173044361,2025-11-25 18:01:12.171,23.535400833,87.300195833,84.90,0.009,0.050
1764073873174236120,2025-11-25 18:01:13.172,23.535401833,87.300206500,84.90,0.009,0.050
1764073874174025490,2025-11-25 18:01:14.172,23.535403000,87.300217167,84.90,0.009,0.050
1764073875174930878,2025-11-25 18:01:15.173,23.535404000,87.300228333,84.90,0.009,0.050
1764073876172976174,2025-11-25 18:01:16.171,23.535405000,87.300239333,85.00,0.009,0.050
1764073877172674395,2025-11-25 18:01:17.171,23.535405833,87.300250500,84.90,0.009,0.050
1764073878175092358,2025-11-25 18:01:18.173,23.535406833,87.300261500,85.00,0.009,0.050
1764073879176011394,2025-11-25 18:01:19.174,23.535407667,87.300272500,84.90,0.009,0.050
1764073880175195005,2025-11-25 18:01:20.173,23.535408667,87.300283333,84.90,0.009,0.050
1764073881174367374,2025-11-25 18:01:21.172,23.535409500,87.300294333,84.90,0.009,0.050
1764073882175612781,2025-11-25 18:01:22.174,23.535410500,87.300305167,84.90,0.009,0.050
1764073883153494577,2025-11-25 18:01:23.152,23.535411500,87.300316000,84.90,0.009,0.050
1764073884174161947,2025-11-25 18:01:24.172,23.535412500,87.300326667,84.90,0.009,0.050
1764073885173489631,2025-11-25 18:01:25.172,23.535413500,87.300337500,84.90,0.009,0.050
1764073886174213649,2025-11-25 18:01:26.173,23.535414500,87.300348333,84.90,0.009,0.050
1764073887173251001,2025-11-25 18:01:27.172,23.535415333,87.300359167,84.90,0.009,0.050
1764073888173587852,2025-11-25 18:01:28.172,23.535416333,87.300369833,84.90,0.009,0.050
1764073889152310351,2025-11-25 18:01:29.151,23.535417333,87.300380667,84.90,0.009,0.050
1764073890174840480,2025-11-25 18:01:30.173,23.535418333,87.300391667,84.90,0.009,0.050
1764073891173591387,2025-11-25 18:01:31.172,23.535419167,87.300402500,84.80,0.009,0.050
1764073892152907868,2025-11-25 18:01:32.151,23.535420167,87.300413167,84.80,0.009,0.050
1764073893175059127,2025-11-25 18:01:33.173,23.535421000,87.300423833,84.80,0.009,0.050
1764073894175353274,2025-11-25 18:01:34.174,23.535421667,87.300434500,84.80,0.009,0.050
1764073895154302292,2025-11-25 18:01:35.152,23.535422500,87.300445167,84.80,0.009,0.050
1764073896173441051,2025-11-25 18:01:36.172,23.535423500,87.300455667,84.70,0.009,0.050
1764073897153802069,2025-11-25 18:01:37.152,23.535424667,87.300466167,84.80,0.009,0.050
1764073898173691401,2025-11-25 18:01:38.172,23.535425833,87.300477000,84.80,0.009,0.050
1764073899173296845,2025-11-25 18:01:39.172,23.535426833,87.300487667,84.80,0.009,0.050
1764073900175250493,2025-11-25 18:01:40.173,23.535427833,87.300498500,84.80,0.009,0.050
1764073901153224937,2025-11-25 18:01:41.152,23.535428667,87.300509333,84.80,0.009,0.050
1764073902172331177,2025-11-25 18:01:42.171,23.535429333,87.300520333,84.80,0.009,0.050
1764073903175320639,2025-11-25 18:01:43.173,23.535430167,87.300531167,84.80,0.009,0.050
1764073904174982046,2025-11-25 18:01:44.172,23.535431000,87.300541833,84.70,0.009,0.050
1764073905176055342,2025-11-25 18:01:45.173,23.535431833,87.300552500,84.70,0.009,0.050
1764073906174339415,2025-11-25 18:01:46.172,23.535432667,87.300563000,84.70,0.009,0.050
1764073907174633711,2025-11-25 18:01:47.172,23.535433500,87.300573667,84.70,0.009,0.050
1764073908175958895,2025-11-25 18:01:48.173,23.535434500,87.300584500,84.70,0.009,0.050
1764073909173564265,2025-11-25 18:01:49.171,23.535435500,87.300595000,84.70,0.009,0.050
1764073910175748728,2025-11-25 18:01:50.173,23.535436500,87.300605833,84.60,0.009,0.050
1764073911177106468,2025-11-25 18:01:51.174,23.535437500,87.300616667,84.60,0.009,0.050
1764073912175267726,2025-11-25 18:01:52.173,23.535438333,87.300627333,84.60,0.009,0.050
1764073913174359411,2025-11-25 18:01:53.172,23.535439500,87.300637667,84.60,0.009,0.050
1764073914175247762,2025-11-25 18:01:54.173,23.535440333,87.300648333,84.60,0.009,0.050
1764073915175172354,2025-11-25 18:01:55.173,23.535441167,87.300659000,84.60,0.009,0.050
1764073916174487594,2025-11-25 18:01:56.172,23.535442000,87.300669500,84.60,0.009,0.050
1764073917174084964,2025-11-25 18:01:57.172,23.535443000,87.300680000,84.60,0.009,0.050
1764073918174138501,2025-11-25 18:01:58.172,23.535443833,87.300690333,84.60,0.009,0.050
1764073919172974148,2025-11-25 18:01:59.171,23.535444833,87.300700500,84.60,0.009,0.050
1764073920174411759,2025-11-25 18:02:00.172,23.535446000,87.300711000,84.60,0.009,0.050
1764073921175542999,2025-11-25 18:02:01.173,23.535447167,87.300721333,84.60,0.009,0.050
1764073922176033572,2025-11-25 18:02:02.173,23.535448167,87.300732000,84.70,0.009,0.050
1764073923174726738,2025-11-25 18:02:03.172,23.535449333,87.300742667,84.70,0.009,0.050
1764073924176486293,2025-11-25 18:02:04.171,23.535450500,87.300753333,84.70,0.009,0.050
1764073925175195496,2025-11-25 18:02:05.173,23.535451500,87.300764000,84.70,0.009,0.050
1764073926175168700,2025-11-25 18:02:06.172,23.535452500,87.300774833,84.70,0.009,0.050
1764073927174296551,2025-11-25 18:02:07.172,23.535453500,87.300785500,84.70,0.009,0.050
1764073928174163346,2025-11-25 18:02:08.172,23.535454333,87.300796167,84.80,0.009,0.050
1764073929173621383,2025-11-25 18:02:09.171,23.535455167,87.300806833,84.80,0.009,0.050
1764073930174016586,2025-11-25 18:02:10.171,23.535456000,87.300817333,84.80,0.009,0.050
1764073931172971771,2025-11-25 18:02:11.171,23.535456833,87.300827833,84.80,0.009,0.050
1764073932177635066,2025-11-25 18:02:12.176,23.535457167,87.300838667,84.80,0.009,0.050
1764073933172514714,2025-11-25 18:02:13.170,23.535456500,87.300849500,84.80,0.009,0.050
1764073934173612287,2025-11-25 18:02:14.170,23.535455000,87.300860167,84.80,0.009,0.050
1764073935176828287,2025-11-25 18:02:15.175,23.535453333,87.300870667,84.90,0.009,0.050
1764073936190647082,2025-11-25 18:02:16.180,23.535453000,87.300875000,84.90,0.009,0.050
1764073937154640971,2025-11-25 18:02:17.152,23.535452833,87.300875833,84.90,0.009,0.050
1764073938174661692,2025-11-25 18:02:18.172,23.535451667,87.300876167,84.90,0.009,0.050
1764073939173512432,2025-11-25 18:02:19.171,23.535451167,87.300876500,84.90,0.009,0.050
1764073940175226858,2025-11-25 18:02:20.172,23.535451500,87.300875833,84.90,0.009,0.050
1764073941174234561,2025-11-25 18:02:21.172,23.535452000,87.300875167,84.80,0.009,0.050
1764073942174475931,2025-11-25 18:02:22.172,23.535452167,87.300874833,84.80,0.009,0.050
1764073943156476245,2025-11-25 18:02:23.151,23.535452500,87.300874500,84.80,0.009,0.050
1764073944173082892,2025-11-25 18:02:24.171,23.535452667,87.300874167,84.80,0.009,0.050
1764073945175551207,2025-11-25 18:02:25.173,23.535452833,87.300873833,84.80,0.009,0.050
1764073946173364984,2025-11-25 18:02:26.171,23.535453000,87.300873333,84.80,0.009,0.050
1764073947174976631,2025-11-25 18:02:27.172,23.535453167,87.300872833,84.80,0.009,0.050
1764073948176572353,2025-11-25 18:02:28.172,23.535453333,87.300872500,84.80,0.009,0.050
1764073949174646149,2025-11-25 18:02:29.172,23.535453833,87.300872167,84.80,0.009,0.050
1764073950173386352,2025-11-25 18:02:30.171,23.535454333,87.300872000,84.80,0.009,0.050
1764073951174330092,2025-11-25 18:02:31.172,23.535454667,87.300871667,84.80,0.009,0.050
1764073952192736999,2025-11-25 18:02:32.191,23.535454833,87.300871333,84.80,0.009,0.050
1764073953174805017,2025-11-25 18:02:33.172,23.535455000,87.300871000,84.80,0.009,0.050
1764073954174309849,2025-11-25 18:02:34.172,23.535455000,87.300870667,84.80,0.009,0.050
1764073955154004979,2025-11-25 18:02:35.152,23.535455167,87.300870500,84.80,0.009,0.050
1764073956172917626,2025-11-25 18:02:36.171,23.535455333,87.300870333,84.80,0.009,0.050
1764073957174686514,2025-11-25 18:02:37.172,23.535455500,87.300870000,84.80,0.009,0.050
1764073958174134292,2025-11-25 18:02:38.172,23.535455500,87.300870667,84.90,0.009,0.050
1764073959175237939,2025-11-25 18:02:39.173,23.535454000,87.300872000,84.90,0.009,0.050
1764073960172386124,2025-11-25 18:02:40.170,23.535452667,87.300872500,84.90,0.009,0.050
1764073961174524438,2025-11-25 18:02:41.172,23.535452167,87.300872500,85.00,0.009,0.050
1764073962174256326,2025-11-25 18:02:42.172,23.535451667,87.300872500,85.00,0.009,0.050
1764073963177576566,2025-11-25 18:02:43.171,23.535451167,87.300872500,85.00,0.009,0.050
1764073964174340658,2025-11-25 18:02:44.172,23.535450167,87.300872500,85.00,0.009,0.050
1764073965174298732,2025-11-25 18:02:45.172,23.535449167,87.300872333,85.00,0.009,0.050
